user_id,feature_1,target,leaky_feature
0,0.14804087338561311,0,0.005275260762674836
1,0.4431896416442832,1,1.019357977586193
2,0.1854544505240372,0,0.006481019056106591
3,0.09354193085517204,0,-0.008116649984361643
4,0.7591013188413935,0,-0.009016785768978455
5,0.005016787710035331,1,1.0148428338629598
6,0.3031127933606803,0,0.004404589067218387
7,0.286347185864937,0,0.01002743818490221
8,0.23301241924096439,1,0.9840365480321219
9,0.20251315710677797,0,0.00802433198566588
10,0.5931174207189335,1,0.9915546085169304
11,0.8452794714093465,1,1.0049651877463444
12,0.5302970986566979,1,1.0101086892789324
13,0.5993088714561918,0,-0.013573604826580099
14,0.998019703639494,0,0.029613906366446827
15,0.5056078290620787,1,0.9913991995219908
16,0.8535155167228525,0,0.0036100839789443223
17,0.8910668085367583,1,0.9928019140300153
18,0.7487988295872361,1,1.0002214271591656
19,0.9447666328326784,0,-0.0061848110035351905
20,0.6537635413133697,0,-0.004183839689742743
21,0.7752977917797794,1,0.9977050554569337
22,0.9716813458984939,1,1.0146283462512322
23,0.4948752685112935,0,0.0013869008494539225
24,0.5045706693151988,0,0.0016427845121391002
25,0.1473800377111515,0,0.008024070405302257
26,0.6069870260228308,1,0.9957080317281956
27,0.19676859236611277,0,-0.0006981125825063592
28,0.971297626915521,0,0.0023753752015764308
29,0.45340705847095064,1,1.0007456893718907
30,0.7234023488297942,0,-0.0011747482056583267
31,0.9767949423488601,1,0.9925300865271648
32,0.03147987426306109,0,-0.0010107932675708013
33,0.3328357414757096,0,0.00564135233137953
34,0.14980336319998366,0,0.013536529238970692
35,0.7401087392358104,0,0.003888672680526977
36,0.8150769047704692,0,-0.004749170036473048
37,0.5050960344790213,1,0.98582643385744
38,0.12104966452804489,1,0.9935441469397167
39,0.006263000039147815,1,1.0100667742970129
40,0.8428355303688418,1,0.9991689432848438
41,0.45269644708171697,1,1.013279202994352
42,0.4090320778854649,0,0.00015972845228806379
43,0.6232239941099548,1,1.0047221744478574
44,0.44746646376904853,0,0.013632126068731666
45,0.34282213150654506,1,1.0037759596804519
46,0.5365026646752671,0,0.011965211547811749
47,0.7225132338692719,1,0.9896662049100218
48,0.3064649431760512,0,-0.005113138233719533
49,0.9212153679091636,1,0.9827620160741244
50,0.005924578079875786,0,0.01707488790749038
51,0.49979725159878674,0,-0.013688514173867204
52,0.16781795014659617,0,0.0027364865285452573
53,0.7918175994182081,0,0.007522093155239942
54,0.7567858267595282,1,0.9850981681230011
55,0.3935468655085018,0,0.002697271573752635
56,0.4044001412005873,0,0.016873532754252567
57,0.6189415864268837,1,0.9923780703460727
58,0.5933056839568411,0,0.012492394200027358
59,0.8693489022212102,1,0.9982429114249687
60,0.2032944810532169,1,0.9869285599528881
61,0.6078841858862261,0,0.007150708394708509
62,0.5469750449286825,1,0.9961186366721152
63,0.7111380978041699,0,-0.018441708001242316
64,0.6916626989720978,0,0.0039634647086541994
65,0.43574361722609345,0,0.0012882243791170404
66,0.4301797389209274,0,-0.014812087939849528
67,0.9047630145572059,1,1.0041406306249743
68,0.7862648124883984,0,-0.004966863527569881
69,0.10618661955008313,0,-0.00546889430467773
70,0.04601662003811391,1,1.0056148072693833
71,0.23524735776580896,1,1.0085817499411773
72,0.8134378733903178,1,0.9800428921580961
73,0.0008642485226840746,0,0.002872290033817523
74,0.36394659738929225,0,0.0007535768561383828
75,0.4545782747768293,1,0.9791290425653888
76,0.11732743164607795,0,-0.0004478328937875599
77,0.48502419277019215,1,1.0027897627270508
78,0.46283257923152565,1,1.0065995078385606
79,0.6623408092385042,1,0.9974181726926288
80,0.6890879603249945,1,1.008604946476746
81,0.6412374340736714,1,0.9993271219305617
82,0.7155480540731307,1,0.9876658582262502
83,0.9317757818864661,0,0.016802164239979562
84,0.8680573803553441,0,-0.010588141524722205
85,0.050183437294718525,0,-0.008550760038778383
86,0.021908938431952296,0,0.003922712814226713
87,0.5255573563839293,0,-0.006083340714301554
88,0.9165304793839849,0,-0.015315207879571874
89,0.8155064965695088,1,0.9833080142871846
90,0.5630990033489971,0,-0.0038156549089212407
91,0.036103244124747524,0,0.004892134624992204
92,0.543413823669738,0,-0.010910911953983589
93,0.04729760492601309,0,0.004129284498009027
94,0.8346395973782712,0,-0.02855522270775677
95,0.12037294628811468,1,1.0110710282316733
96,0.26438613024078417,0,0.0067975970575886845
97,0.17062886795595622,0,0.015005893545828455
98,0.3537700708819801,1,0.992000093279373
99,0.08630268580404998,0,0.00837500407636573
100,0.8180111246114492,0,0.009370007494174713
101,0.6780688510115779,0,0.015456799397204108
102,0.2006956845302219,0,0.004067874603643399
103,0.4392500533470396,1,1.015178513503947
104,0.6217391711686666,1,1.0022903318728835
105,0.39383266441671516,1,1.012818207211217
106,0.5436310965241609,0,-0.006130835188259234
107,0.5026025288947411,1,0.9967252450479712
108,0.5999959407769931,1,1.0016784009120845
109,0.7887151364799793,1,1.0046349810765969
110,0.6814568150175753,1,0.9979095391598575
111,0.6703632730288683,1,1.0021610425819858
112,0.3790685064918562,0,-0.0063705100677001894
113,0.8996959827329699,1,0.9897409621988653
114,0.5656109812397625,1,1.0041110491731406
115,0.8684060249010666,1,1.0052560285278451
116,0.5750391818265294,0,-0.003476272980325466
117,0.8800347765843868,1,1.0001585614698894
118,0.3499158186855015,0,-0.001241716314393578
119,0.1258035853969296,1,0.9858608809499406
120,0.7364034691195005,1,1.0046756889768291
121,0.636603005532947,1,0.9936365698320436
122,0.319172815845966,1,1.0047649262602738
123,0.7832589268429333,1,1.0055490918207264
124,0.2542481094439508,1,1.0003006922925333
125,0.27622144025100126,0,0.007414549745136093
126,0.29279387832048676,0,-0.008862525218212439
127,0.49228347592976596,1,0.9977182000712297
128,0.06454410495039065,0,0.005323439587943374
129,0.003293729147484159,0,0.004636135717470904
130,0.41637792507607163,1,0.9944272194478451
131,0.1626155284883205,1,1.0054248893451605
132,0.18065400677205745,1,0.9986981348539022
133,0.818745446571767,1,0.9926540614241817
134,0.10118557387399174,1,1.0031930312062092
135,0.5714021630031824,0,-0.0021152455579969893
136,0.32024901381155446,0,0.020241901121148365
137,0.5778328655083252,0,-0.0006801960402529234
138,0.9776171338594765,0,-0.014926133641869321
139,0.044213700123283406,0,-0.005774855901296164
140,0.4168392299383392,0,0.009353266927812992
141,0.9174789715030047,0,0.0030083725682970752
142,0.6049435311577698,1,0.9968023369265288
143,0.9845906412820377,0,-0.013288255192505899
144,0.4785060821477124,1,0.9914912367923426
145,0.17968586262575525,0,-0.016312478196379498
146,0.11626057298165382,0,0.002137542886551866
147,0.5290602638758042,1,1.0049526168353202
148,0.20664994047836482,0,0.00687894317553514
149,0.9185574170203077,1,0.97880367769437
150,0.40054836849858744,1,1.0068970022496273
151,0.6572091760482257,0,0.010994217029775247
152,0.14297994536995584,1,1.00239323733335
153,0.5670618496962458,0,-0.01486319155739753
154,0.8569761496936137,0,2.5034509875940335e-05
155,0.6193245802370989,0,-0.017735013542778483
156,0.38292554737909024,0,-0.0024793791715233015
157,0.4287413406757471,0,0.011225852897248248
158,0.1639559522585693,0,-0.010543977857097547
159,0.9170052263818564,1,1.010954448871089
160,0.4855348811179947,0,0.007302585743525908
161,0.1372481315590346,0,-0.015581096833740963
162,0.40057669232919,1,1.0057217610449007
163,0.5382604350126771,0,0.01387389727536073
164,0.09043941841710923,1,1.0014603329408696
165,0.8251599037234479,1,1.001544758512328
166,0.35742564508135866,1,1.0055595292092097
167,0.14823438909742925,0,-0.014860965151276552
168,0.6884137689745957,0,0.014044390201150891
169,0.9797336667369664,1,1.015703867550367
170,0.7925581884002537,0,0.010791310377500987
171,0.7976300489166389,0,-0.0010289356046889137
172,0.32438572779071795,1,1.0078308887666474
173,0.5781721451004203,1,1.0019611296537132
174,0.6843165352696898,1,1.0123637772391723
175,0.6236690996926576,1,0.9986337858457224
176,0.20173749798747376,1,1.0087305478466575
177,0.9867764055718071,1,0.9865172235497905
178,0.6123328562690659,1,0.9962460768193236
179,0.6560828430314175,0,0.0005389822220376376
180,0.6979784494297553,1,1.0051273802477874
181,0.3519933635077339,1,0.9959483548773284
182,0.8824483681098262,0,-0.0023887867541315592
183,0.16126128211659174,0,-0.0007739252838200811
184,0.25577008248018906,1,1.0103706819794092
185,0.6413972812851368,0,0.0014690056548111174
186,0.992064810246151,1,1.0094706476930415
187,0.4731301809597769,0,0.0065647373661661445
188,0.3427696720550706,0,-0.0032255821030727893
189,0.7009519015291293,0,0.005737771584016015
190,0.3652524517745537,1,0.9811044093366024
191,0.30100966818356234,1,1.0015161816935874
192,0.3190182064271111,1,1.0070306511240024
193,0.2454644191123343,1,0.9948857910771567
194,0.5800973899852968,0,-0.01130396384374371
195,0.4221082816362728,0,-0.00047507753715873364
196,0.7918755442837527,1,1.0056221690326534
197,0.5263748813012714,0,0.005771467644681761
198,0.684553687766035,0,-0.007324168428121474
199,0.510985059858661,0,-0.007711357210070875
200,0.5743459406140109,1,1.0067740255720883
201,0.2654799173882938,1,0.9957913847012932
202,0.4797594732004983,0,-0.0019357675986910407
203,0.6424570794061711,1,1.007851815669322
204,0.8603369960710063,0,0.017840404448292182
205,0.46176858045979663,1,0.9911732928918237
206,0.7521539725515235,0,-0.013185192008236401
207,0.5780519660102431,0,-0.017654252942901513
208,0.5044024236620024,1,1.0030705891176817
209,0.9399660157746574,1,1.000312914806811
210,0.09873729025004985,0,-0.00017227585015039117
211,0.6221740674195961,1,1.0036562919512442
212,0.40866682119223385,1,1.0019705243635753
213,0.7655844646244709,0,-0.007021703221598484
214,0.3703910464751824,0,-0.011357471801338701
215,0.28638484079202364,1,0.993214439285959
216,0.7880398712139397,1,0.9938655913195245
217,0.9066489473719683,0,0.013599281161256449
218,0.7601573941825432,1,1.0119909780904104
219,0.3611583595479978,0,-0.004182236937950875
220,0.7711583173815344,0,-0.0012975540354623488
221,0.45023206916548375,1,1.0093572714080086
222,0.1672119104175761,1,0.9970770256362853
223,0.5229985887635772,0,0.005551210295973521
224,0.2813078098689562,0,0.010332705412509937
225,0.34928818763911085,0,0.007085284690426545
226,0.6284139041332383,1,1.0049752114844022
227,0.5743332096646366,0,0.002731250155827338
228,0.539957498979344,0,0.0022945103396510166
229,0.6175374517677998,0,-0.0017883339128179551
230,0.29643934793666904,1,0.9875335097623559
231,0.4728257567973366,1,1.0082564631764541
232,0.5384608104922359,0,-0.011669739952354402
233,0.1268466718617135,1,0.9856779523581632
234,0.6052585963974315,0,0.0070752385640262955
235,0.3706907953359788,1,1.0083857659771802
236,0.10714526006252278,0,0.007451682475634593
237,0.337217348103492,0,0.016236774212280723
238,0.30329688365736507,1,1.0010044690715507
239,0.7845145500261064,0,-0.0010164188913186877
240,0.42623214521654174,1,1.0020819438397504
241,0.5061518487917975,1,0.9966451972205546
242,0.8829001952239754,0,-0.0028826760359335676
243,0.5720108088524283,0,0.005176139545063157
244,0.7578375697801851,0,-0.004725674037128512
245,0.6352730848325926,1,0.9977771461866476
246,0.49100301742562125,0,0.006521909511844312
247,0.33299422002975143,1,1.0071971735455651
248,0.6906107417610854,1,1.007596035871977
249,0.10992398298450168,1,0.9906445540825194
250,0.9903444748679125,0,0.00940515637672187
251,0.8490801583013038,0,0.010013552055374976
252,0.819900074818944,1,0.9913027530500804
253,0.1489022208081887,0,0.003145081604600276
254,0.054480836212414174,1,0.9959061891496481
255,0.4645782615498679,0,-0.009168035985307948
256,0.04540318881809735,0,-0.018027696127978554
257,0.9529585436578449,1,1.006032986973569
258,0.25285399455199853,1,0.994663048216213
259,0.7602698213835477,1,0.9915361949307039
260,0.05043372493849729,0,-0.00743533830239557
261,0.22600542411906221,0,0.004879506157735661
262,0.1727282359001514,0,-0.008552709962925988
263,0.84462519966688,1,0.9981991654852063
264,0.6819837678832704,0,0.013067758504386082
265,0.05834475690517471,1,0.9888743273164234
266,0.43711758717745586,0,-5.601287868851297e-05
267,0.354394624740871,0,0.004283414625717627
268,0.6734409096826931,0,0.006656271671701605
269,0.5853495770354333,1,1.0162761043673154
270,0.8729737231808226,1,1.0098026773321684
271,0.791854501133737,1,0.9996165219166311
272,0.15365742012865768,1,1.018591619395469
273,0.07505239916507533,0,-0.008574452874119612
274,0.157495213590357,1,1.0089244254180894
275,0.17387274422117527,1,0.9988035416215475
276,0.10922369174740254,1,0.9986818530079281
277,0.50052427000863,1,0.9857779620249058
278,0.5173956471708253,1,0.9958554482055386
279,0.27262145594169784,0,-0.00027877561862524157
280,0.1886472223832324,1,0.9896512744361602
281,0.8970083826189983,1,1.0070921896894796
282,0.9211886889491601,1,1.00932288064093
283,0.9600033989896081,1,0.9911801082082868
284,0.6374613663583842,1,0.9940219895020161
285,0.5122823998121123,0,0.0034645613448056607
286,0.7104652212822312,0,-0.012793899178123304
287,0.7987566833705072,1,0.9947086209001758
288,0.8020645456543705,0,-0.014419389845824372
289,0.4544396030072436,1,0.9861673561684736
290,0.35039840257164445,1,0.9898415240669866
291,0.3348291023322051,1,0.993716000221571
292,0.6000978940179912,1,0.9994442740248787
293,0.9607311480011166,1,0.9895494466185109
294,0.9917966579954782,1,1.0088941195537946
295,0.1404523402284733,0,-0.003297429880422449
296,0.4246043460705148,1,0.9834507308068301
297,0.7598157606655068,0,0.005148014034061804
298,0.8961063892790782,0,0.008243119431123203
299,0.007891785121606487,0,-0.010346473586846818
300,0.19656295973686644,0,0.006575571748976401
301,0.09197018993265937,1,0.9981335280502015
302,0.771905040724147,0,-0.011546603344983324
303,0.8503127751634287,1,0.9943639644195458
304,0.08512349705411204,1,1.0028208097348685
305,0.8552717041212334,0,0.012127265995411553
306,0.06754323842872578,1,0.9859898357317531
307,0.8260030614878597,1,1.0005770575721993
308,0.4725310626282253,1,1.0042908752099686
309,0.9280737998135178,1,1.0144822457689406
310,0.9520995574045316,1,0.9996984429396868
311,0.6528553723160354,1,0.9909832608035252
312,0.22530868237068646,0,-0.007781037836316514
313,0.8850062217864683,0,-0.0004634366922764912
314,0.04445990298605329,0,0.009986722489691789
315,0.7847515301615884,0,0.003458953533382187
316,0.5750332035777466,1,1.0106381821432437
317,0.17196563525749653,1,1.0035142206720462
318,0.07963217715459048,1,0.9981777857936142
319,0.900121357201007,0,-0.03082607644553817
320,0.5532521474284651,0,-0.018415436913940004
321,0.02917855268627889,0,0.0010560657115746919
322,0.4246853458269364,1,0.998489268056429
323,0.17639840659906902,0,-0.0033274932757556782
324,0.2395753107380304,0,-0.007191905404218276
325,0.558648353590772,0,-0.004600125496079003
326,0.21667879566166348,0,-0.013756451388908401
327,0.1709563816311882,1,1.0094875903551632
328,0.7558375763459799,0,-0.018670080563029746
329,0.3932342400124009,1,0.9999812165360882
330,0.621145031925753,1,1.0027067874986395
331,0.8125019095828723,0,-0.010978817765261425
332,0.6276838770641759,0,-0.0034720625963774077
333,0.04501068506774586,0,0.000506090532394374
334,0.675234451073108,0,0.0027945669665701135
335,0.2853501006077528,1,1.0064317545725197
336,0.03212897036839446,0,-0.014855037528445128
337,0.20940650671787064,0,-0.0039410880549057776
338,0.17471667021606274,1,0.9907825689749244
339,0.7227901104747845,0,0.00950599462083763
340,0.5355672524778955,0,0.015139403629036943
341,0.11705671699909936,0,-0.0019468930583138122
342,0.5526755394844244,0,-0.019125003466843468
343,0.324723917112241,0,-0.001037422048339999
344,0.6813166241607271,1,1.0194620482495655
345,0.636075562389507,0,-0.012592887321267383
346,0.9972537637221773,1,1.0127385268386886
347,0.1705275460511868,1,0.996291086706722
348,0.9292628335380339,0,0.0027558495382963622
349,0.607265707060841,1,1.0007523628512278
350,0.722684242287577,1,0.9930325516398624
351,0.854449674118748,1,0.9780088939455325
352,0.35502503174712297,0,-0.010622755879178474
353,0.31091870749947303,1,1.0037392473908093
354,0.472674570552855,0,-0.00506277637162727
355,0.2595822862644439,1,1.0093568103119055
356,0.523860229211058,0,0.008678376521837254
357,0.19155054891278,0,-0.006926007502822228
358,0.49103495113637863,1,0.9871969672047547
359,0.11039083796938087,1,0.9992884681157349
360,0.4917640691509344,1,0.9992019072213536
361,0.5048204728430329,1,1.0031307602814434
362,0.9659677672121842,1,1.0132499649436462
363,0.08456877001009822,1,0.9976395121083199
364,0.8976619409936603,0,0.014929342573083646
365,0.1140818366144497,0,0.009431117426565253
366,0.5036946612662381,1,1.002794219049806
367,0.2315107546547277,0,0.007649002260415618
368,0.8343308389369952,0,0.008227009126694029
369,0.5322113703600875,0,-0.004138236758814214
370,0.39744231404570574,0,-0.0016060438769243805
371,0.5622745411156308,0,0.012873089592617893
372,0.7557028235102226,1,1.0107313269080165
373,0.4969055210407163,1,0.983903952879391
374,0.28393352574947606,0,0.007423685648795751
375,0.16291195585657559,1,0.9959782563650408
376,0.9055387439313213,1,1.0055079949834869
377,0.688528371557957,1,1.0116932681538162
378,0.0703330011893436,0,-0.006853513270057857
379,0.6667146553917885,0,0.0004720904029127895
380,0.9573484438369171,0,0.008733243444930499
381,0.5187416892857035,1,1.0065917740558428
382,0.5891813082531467,1,0.9992243500645205
383,0.8421441687411876,0,0.003711286149083587
384,0.7188488770745081,0,-0.009127737478878285
385,0.5683572698360105,0,0.01804812000419384
386,0.8410476415060495,0,0.009511025681217027
387,0.6248768163424065,0,0.005975439368238033
388,0.01841334644478887,1,1.0080420786557307
389,0.23071798657264464,0,0.003777956229641934
390,0.3849140088357419,1,0.9908874668562787
391,0.29331214127597494,0,-0.00660876597537938
392,0.04773852179344251,0,0.0007273867953822018
393,0.31944931582888014,1,0.9895370725721886
394,0.8767599896199434,1,1.0074513619444332
395,0.5659813656797994,1,1.0087161878728752
396,0.6585098699291367,0,0.005525218211611057
397,0.5420687441702787,1,0.9971312732188645
398,0.03324649623044096,0,-0.008870409513822865
399,0.22544996011363794,1,0.9903560678320859
400,0.5165491556964561,0,0.008712008081991612
401,0.7177278171216008,0,-0.01708661999703184
402,0.29406023777747947,0,-0.0021211051470482927
403,0.21672972766185683,1,0.9980145614054922
404,0.6856914573168128,1,1.011491731754946
405,0.29621668478408536,0,-0.005543009311853927
406,0.3440191806510483,1,1.0099224293826332
407,0.0005864888939085544,0,0.006058291685502732
408,0.45710920593420445,0,-0.01758746227124696
409,0.18540923870166526,0,5.647616992714245e-05
410,0.794866660388374,0,-0.008752293390855832
411,0.7944656908391557,0,0.012863658034768808
412,0.5897074016707026,0,-0.007184704442503853
413,0.9400657334991283,1,0.9861015715182148
414,0.04033239880158235,1,0.9915183844492544
415,0.7443062820283344,0,-0.0075763832397500045
416,0.6308022856724069,0,-0.017479034435549736
417,0.3542276738717224,0,0.011085998094476267
418,0.8014791827904634,1,1.014114903376207
419,0.08402718905135642,0,-0.008515951953334672
420,0.036164994666060046,0,0.009051074624942429
421,0.10683453525692976,1,0.9993567724874195
422,0.9394876703240717,1,1.0063572171158406
423,0.07608958915155295,1,1.0153562386229575
424,0.10741927943427065,0,-0.02531281839434747
425,0.748558001382967,0,0.006667047327716478
426,0.9395422106389478,0,-0.012840211234857462
427,0.6644753807065152,0,0.002237989740098313
428,0.22802068480358584,0,0.0056543995179392514
429,0.5333305272940639,0,-0.004372838846199097
430,0.12222003416853722,0,0.0009702864913792653
431,0.22311352386909056,0,-0.003694754273958538
432,0.16171747893369115,1,0.9913528641541239
433,0.7277812012826093,0,-0.004741368127161093
434,0.35589282113609033,1,0.9885438866163713
435,0.941094439204717,0,-0.020304851266083564
436,0.43156625345476174,1,0.9978790361190333
437,0.31450226640053125,1,0.9905594671076273
438,0.6265728354976826,1,1.0064357622140232
439,0.025549932056649682,1,1.0076380140577852
440,0.030288023029326205,1,0.9796041389156221
441,0.5569005694625763,0,-0.005056669906069272
442,0.6684765198326527,0,-0.004144895472867245
443,0.7143805043438199,0,0.007201741589324302
444,0.6085848358634471,0,-0.0020169736703793306
445,0.010346748917807291,0,-0.006008861648447909
446,0.04971600401765475,1,1.0111644261518369
447,0.2774756024421139,1,1.0023772579314343
448,0.6819528039562911,1,1.0061117809206466
449,0.23164133909591722,0,-0.006285585303930475
450,0.2616852365043135,1,1.0101286251330608
451,0.7372824873040702,1,1.0020337698262258
452,0.5253376550494968,0,-0.018695533948467458
453,0.3579446693879892,1,0.9957534266076178
454,0.1738825162975336,0,-0.0031195234198688098
455,0.4331177630450439,1,1.0060821603858734
456,0.006458798023306622,1,0.9934340757687207
457,0.07555414458714627,0,0.006511013113219343
458,0.800671681233475,1,1.003748642956493
459,0.7871160860257914,1,0.9981734214530611
460,0.9688180233465681,1,1.0154051866433507
461,0.8005957674266135,1,1.0163402107807054
462,0.20811117920997357,1,0.9943712053650041
463,0.9146897976324879,0,-0.011052531706028637
464,0.12024128860092465,1,1.001276969430234
465,0.2772948733817233,1,0.9848113281780955
466,0.7153263647602716,0,-0.00030034065181856745
467,0.6333681712305148,0,0.003162605992592982
468,0.8670968158325263,0,-0.009950707881118917
469,0.5984372570063512,0,-0.012365834497269388
470,0.39503526297072056,0,-0.008576623860343233
471,0.4396061954303533,1,0.9966505269735169
472,0.7519716466604808,1,0.9831356554122751
473,0.8528261708558414,0,-0.006413014067517443
474,0.3697416280524315,1,1.0002998980713833
475,0.7101681526988924,1,1.002787240776438
476,0.9050966045329153,0,0.016277547108680523
477,0.3659984677124932,0,-0.003614678262715972
478,0.6631415041893632,1,1.0080447840711582
479,0.7113458459208211,0,0.021543730069227277
480,0.05916944557966908,1,1.0039525739408048
481,0.7849530224840989,1,1.00122121730302
482,0.5240518296493079,0,0.009163233780437279
483,0.9707085740351462,0,-0.006457900513589735
484,0.029698902422846785,0,0.004208136336668187
485,0.2414042520788907,0,0.0023139148762655565
486,0.7504961320575355,1,1.0062129521343426
487,0.45874035002326696,1,1.0060519721386219
488,0.13660969410813495,1,0.9951673284706057
489,0.8665247658768717,0,0.01396782933127258
490,0.045432366020675685,1,1.0153823738285506
491,0.962906401757626,0,0.002042930820995131
492,0.3430768415040737,1,1.0014823425875417
493,0.04108076550073603,0,-0.0009315980889281249
494,0.09774561807386639,1,1.0065651002321816
495,0.3743959617446331,1,0.9864660401767174
496,0.5105356369690544,1,0.9856875512259972
497,0.9187441907320567,0,-0.007496108438691854
498,0.8906286432675057,0,0.007881567939564049
499,0.8948743098847766,1,0.9931893758286423
500,0.13963588085703582,1,0.9905619027247891
501,0.08338342348510319,0,-0.00948532981165445
502,0.1638974634543442,0,-0.007771995326251993
503,0.04121783659676337,1,0.9940612768473538
504,0.6125561432727163,1,1.0012088635077583
505,0.20873166541229204,1,0.9880985673273119
506,0.9720558723048398,0,-0.004063770161134939
507,0.5859219437925022,1,0.9947897733226598
508,0.7945156274318388,1,0.9943943593324148
509,0.92584520238206,0,0.01443094270804967
510,0.152259369871231,0,0.0010564607628450096
511,0.2640981896282265,1,1.0211210498608612
512,0.09471498400288558,0,0.0005025943267669557
513,0.5585389679932319,0,0.004622762976349426
514,0.35245293754336826,0,0.01724015539250452
515,0.39616004570834207,1,0.9956514995319407
516,0.7743361631227887,0,0.013345937039943408
517,0.4541221895837474,0,-0.00557025704384363
518,0.4758152469657506,0,-0.007878068420424914
519,0.059161738257094254,1,1.0044431916773353
520,0.9805888602631493,0,-0.0013498508261259234
521,0.5448848318829282,0,-0.012644164889138736
522,0.21970174079265403,1,1.0028067516190218
523,0.1227502810029607,0,-0.0042580906454332944
524,0.5378388966226045,1,0.9891230798666732
525,0.7420140163581285,0,-0.014181610366238342
526,0.18325585134066924,0,0.012201923768615267
527,0.5010988569391845,0,-0.007600353806222266
528,0.26361938620020564,1,0.9982996925731118
529,0.15136499489111155,1,1.0204331366806179
530,0.808010683076218,1,0.9918022122255358
531,0.3914648080545886,1,1.0065886307678027
532,0.3315683839794886,0,-0.01985362964486827
533,0.7462046402894035,1,0.9877808351391806
534,0.5377363017009211,0,0.00854899696685444
535,0.5761843940571294,0,0.005268074786065898
536,0.6195732695753889,0,-0.003455827672494257
537,0.6590517264643861,1,0.9938756593400121
538,0.9161808764528898,0,-0.002557370871258997
539,0.3685885176744277,1,1.0196230334667251
540,0.6092534261358956,0,0.006670806663465675
541,0.8843376723126471,1,1.005995190763768
542,0.26661551919485904,0,0.002141323130204939
543,0.7382086858013033,0,0.0007379110382313803
544,0.20997008319428467,0,-0.012569745196544945
545,0.6372739737407268,0,-0.011115864442358904
546,0.9955678713172529,1,1.015161389405568
547,0.20848007630302,1,0.9817588851970779
548,0.4828480097510123,1,0.9940892247661367
549,0.549096903772547,0,0.014820089454656325
550,0.14746739856649627,1,0.9963986996890517
551,0.41672754959023817,0,-0.011493390058595492
552,0.6292110389032154,1,0.9900938248107625
553,0.7722664107207488,0,-0.00843326990871241
554,0.7811116816214383,0,-0.004812551750514685
555,0.275895813181973,1,1.0016751473405454
556,0.12794314259196615,0,0.003049828748905176
557,0.2894546662187215,1,1.011223071569986
558,0.11043228040267594,0,-0.0018249928614662825
559,0.321985937163799,1,1.0059275180212488
560,0.3888702114775041,0,0.003760610804439026
561,0.4542474309649931,1,1.0031077902764047
562,0.14183411898319065,1,0.9906818616764013
563,0.002569278420824439,0,0.007174769681718521
564,0.7570860353951988,1,0.9859927090772165
565,0.5737859214170696,0,-0.011514282266136204
566,0.01612197059543996,1,0.9988202502120853
567,0.016511372053525042,1,1.0004786712417495
568,0.35817817415167885,0,-0.009524824006460524
569,0.27648796231040995,1,0.999595406521132
570,0.7945675387296975,1,0.9983469300199986
571,0.25127441916273463,1,1.00138731045579
572,0.5319900489062916,0,0.002726885028393864
573,0.35464628452777525,0,0.0008038522979426856
574,0.16887268105802133,0,-0.008372127209159847
575,0.45698355992115935,0,0.009270541583909279
576,0.3332271172759641,0,0.0011782423828092215
577,0.6990030548603047,1,0.9893823563995463
578,0.8820490455979886,1,0.9892606013138133
579,0.8243499292350577,0,-0.020251990825434246
580,0.042007932696685346,1,0.9955954545284013
581,0.9549234394317132,0,-0.010357637369806692
582,0.8017917832166139,1,1.0127116128497573
583,0.927146564566223,1,0.9780298925935776
584,0.9002489644296269,0,0.008746362515238306
585,0.5908880374588081,0,0.0016151542824381288
586,0.1881361036947461,1,0.9940704822093163
587,0.9317507683786139,1,0.9999669101256861
588,0.10119167221169867,1,0.9996821589475843
589,0.393120099198329,0,-0.00717402126452072
590,0.2820347778953778,0,-0.0032765289650304574
591,0.18822945258405266,1,0.9910895421407571
592,0.6974612519845633,0,0.00474997920450505
593,0.8145440521197399,1,0.9980025161510382
594,0.8544242745980786,1,0.9980388108183406
595,0.4393776735667543,1,0.9979186633636641
596,0.26867141738444456,0,-0.009236767031127807
597,0.05436488699996245,0,-0.016766891745344875
598,0.30350967793387484,0,0.014203084271502058
599,0.8919309755294736,0,-0.0063862669402726625
600,0.33664482365112025,0,0.008434697032776889
601,0.8507470285806789,1,1.001560343776036
602,0.3147273469384819,1,1.0153435631732244
603,0.11438337332540893,1,1.0175190397987797
604,0.6509020022734822,1,1.0015671455394146
605,0.04705153141836582,0,-0.013426768379792156
606,0.0294946300316975,1,0.9905161651288396
607,0.6563715578893267,0,0.020069024786230922
608,0.5347058126994532,0,0.005674247548255054
609,0.9091996940282177,1,1.0091910410272948
610,0.2920594181805055,0,0.005859998599513582
611,0.5486251301760319,1,0.986232428689531
612,0.49978234649679343,1,0.98797065153379
613,0.9527998727418308,1,1.0111052698914662
614,0.2040300026091153,1,1.005285435786967
615,0.0894859770022024,1,0.9945869547133634
616,0.9392816158652857,1,0.9922418150259966
617,0.008224919398948871,1,0.9931605152382549
618,0.6862877327041991,1,0.9979841488999188
619,0.4973853682141546,1,1.0033040984184423
620,0.677332439491521,0,0.004103024369018745
621,0.028325438864889474,0,0.009313166811775459
622,0.7061431239393162,1,0.9987516375370802
623,0.9602674699795316,0,-0.004458114823985448
624,0.3400094093007241,1,0.9968894012356732
625,0.6814436169823197,1,0.9974029414474173
626,0.30561474389749255,0,-0.017089527929530092
627,0.746255245607448,0,-0.0007804512951255974
628,0.3215680785840461,1,0.984533143723716
629,0.9912989815458287,0,0.006378805172819694
630,0.37720977115783116,1,0.9849448607530007
631,0.805100974730896,0,-0.008456376155846072
632,0.781842887018037,0,0.009205790833174698
633,0.7332682244727825,0,-0.010080636138748728
634,0.7317595618120785,1,1.0123915295689212
635,0.048297296491300656,1,1.0109469442336443
636,0.5157557620741315,1,1.0058517286463764
637,0.34912170867111514,0,0.009556175357976445
638,0.06925305564420992,0,0.005433618580050307
639,0.2151150728149912,1,1.002775950302313
640,0.6656739007166381,1,1.0046936242848006
641,0.33620401574799996,0,0.01542291250849341
642,0.25218425541969736,1,1.0268928325088547
643,0.10285552001146059,0,0.006937393647164303
644,0.8752733214802912,0,-0.002172817618140145
645,0.21605035257650318,1,1.0033777968174493
646,0.5587030544306907,1,0.9873737515263981
647,0.21763528405867627,0,0.003685473037661121
648,0.03432328132199569,0,-0.0040576490842054
649,0.39899918466852546,0,0.003979626130220688
650,0.30204464789020513,1,1.0017834695129169
651,0.8972779035873117,1,0.9971673611436289
652,0.7090019903879952,1,0.9989923465589013
653,0.3663456981872333,1,0.9894399781356192
654,0.603169389280408,1,0.9915929765253877
655,0.5422890433228698,1,1.0121344521167068
656,0.18183289898622945,1,0.9987582169328636
657,0.10635347170018727,0,0.006293861969277074
658,0.4060986176243401,0,0.006291063084513747
659,0.07314287956962318,1,0.9917555342936276
660,0.8381758952678453,0,0.0009740768329596306
661,0.017254764172723536,1,1.0166107583758914
662,0.6038789290834061,1,1.0176646700455996
663,0.7395787805368782,1,1.0026451090701483
664,0.5333663714863152,1,1.0100786789703882
665,0.08039786134165416,0,0.01216325288823529
666,0.5231346860043389,0,-0.0011828568592069104
667,0.25563788746458727,1,0.990939265968859
668,0.3258852450104991,1,0.9838807714756723
669,0.65742252379483,0,-0.0023467822799863283
670,0.12164635719520223,0,-0.017303544549176608
671,0.712652659295719,1,0.9957986608358748
672,0.7069636989505752,0,-0.018831074922074535
673,0.9944048223210058,1,0.9953980241985502
674,0.29312219157701724,1,1.015029310165507
675,0.5643493376539863,1,1.0043170473855143
676,0.06916672152927839,0,0.0010506437225651824
677,0.2709841311647775,1,0.9882022417465786
678,0.9175584658086233,0,-0.011335605985584682
679,0.7951771386921458,1,0.986013288413889
680,0.20149891947730836,1,0.98569404203362
681,0.521794511767335,0,-0.015677764255737928
682,0.8566486331281493,1,1.010861347775977
683,0.5759949125079569,0,0.012530148773569422
684,0.6704664610572121,0,0.00135179909166758
685,0.5438721106627766,1,1.0036181289501842
686,0.7976105091714744,0,0.01210560432394932
687,0.09860959454583329,1,1.019981068465414
688,0.8463815278594168,0,0.023451912734334144
689,0.9243461162728206,1,0.9892406335215707
690,0.8794509624306501,1,0.9961970110757319
691,0.778581981462885,1,1.006983767365108
692,0.5805609734141586,0,-0.011448637188560198
693,0.7238548664451989,1,0.9967987265326006
694,0.4736633909718425,0,-0.008149846925773075
695,0.3896971687783116,1,1.0132396630579874
696,0.20268188268475884,0,5.767697832687112e-05
697,0.8952037564145996,1,1.015565516150062
698,0.43657864405206415,0,0.004719115628891021
699,0.39964007986891703,0,0.006238999097768529
700,0.011128694347155577,1,1.0061807355581205
701,0.5583850394666744,1,0.9859392524171837
702,0.24081778166548273,0,-0.018315837087171258
703,0.4926492625897867,0,-0.000601847082638824
704,0.7842362455943911,0,0.0019393338588036368
705,0.7599403428701021,1,0.9984246753395422
706,0.05447507639514437,0,-0.018775105120010623
707,0.24077112823460456,1,1.004383199298563
708,0.941018463670585,0,0.010955558256468248
709,0.3598443836268973,1,0.9915813607119502
710,0.19271110786330603,1,1.0065654907277484
711,0.07375211806834114,0,-0.012142461290038438
712,0.3511145460970071,1,1.0096904983509651
713,0.6015367245790362,1,1.0110747940347444
714,0.5480765605285026,0,-0.014150843167429384
715,0.3915461198486653,1,0.9978707320345322
716,0.7253455913738691,0,0.011057843499479534
717,0.26297457312644623,0,0.010809758253007687
718,0.414415179670534,1,1.023834624205299
719,0.6222405160930982,1,0.9910131739854311
720,0.8001005395218375,0,0.0030167402722531666
721,0.9244467355703333,0,0.0036951154443932085
722,0.7219416983678346,1,1.0096712458949002
723,0.7108142051160595,0,-0.004720451644504671
724,0.541078629383033,0,-0.0007782197215784892
725,0.5648280129088679,1,1.0060016105840126
726,0.20120988477540858,0,0.009948018678390265
727,0.09522060014168388,0,-0.003631163955739724
728,0.380871149563753,0,0.00598164446334162
729,0.13491036424570912,0,-0.013821256867928377
730,0.22777785711390008,0,0.011646396822748501
731,0.1530399187528365,1,0.9994397672317583
732,0.8524519445686859,1,1.0110878136507284
733,0.45353994683135346,1,1.0026728690878113
734,0.25248316360210765,1,1.0165147991813555
735,0.48527082109578956,0,0.01017298159472669
736,0.7515739804578605,0,0.008686802788499285
737,0.4482234649050151,1,1.0059051349775696
738,0.8579441309980529,0,3.45795130837175e-05
739,0.1696941675574163,1,0.9886368269784482
740,0.41278005536276563,0,-0.009016436796607873
741,0.43105024750644916,1,0.9916761374515344
742,0.7373728606699379,0,-0.012630068263343914
743,0.512707601299625,0,0.0015675902377215183
744,0.05490952005333538,1,1.0026425035085857
745,0.2088637185373724,1,0.9951382598034901
746,0.8643638320730045,0,0.0034025710803329413
747,0.14933608708095325,0,-0.014241442479453342
748,0.27558831388164917,0,0.0042368005388513244
749,0.5749186143177033,1,1.0130840837667399
750,0.4715782728298461,1,0.9912213809206292
751,0.1768380536442874,0,0.0073684045191264105
752,0.3113471852536449,1,0.9976781233064249
753,0.3814386438382543,0,0.001073138021940203
754,0.4854770364155646,0,-0.012729317567184633
755,0.2216002486854265,1,0.9938957446051122
756,0.06204227170517851,1,0.9888949210414456
757,0.04241550480984624,1,0.99123508826319
758,0.3437851155921514,1,0.9929748778649572
759,0.34406027130556327,0,0.004556305176845134
760,0.7015019082680658,1,1.001921376165099
761,0.5579150881909417,0,0.01989184599273151
762,0.4382110584031855,0,0.002456843824080817
763,0.28430338363912966,1,0.9990223153291617
764,0.3881201363065504,1,1.0066152658255973
765,0.5786010704271879,1,1.0003291973827846
766,0.035817778282068224,1,0.9999606586627177
767,0.9840088610607305,1,0.9906480487280447
768,0.7513972032810762,1,1.0066511718685571
769,0.8645448715385756,1,0.9798074980438165
770,0.31496982793133954,0,0.02471829571621737
771,0.26004856583215474,1,0.9895368192439229
772,0.873109460590033,0,0.0013184092399259916
773,0.06590974590077903,1,1.0035842613015558
774,0.21347812864022808,0,0.00410516243062397
775,0.11788119733120472,1,1.0043533801237772
776,0.8370392112291992,1,1.0013131219234737
777,0.39167858870335337,1,0.9988806872962537
778,0.733909809419534,1,1.016079582431139
779,0.8500462996802582,0,0.0008623569947968954
780,0.6126706049176722,0,-0.010513946491633732
781,0.2179151274977339,1,0.9889732203515067
782,0.4370483911058043,0,-0.0016542436867061658
783,0.24903687516853135,1,0.9876705916026488
784,0.009762645582328977,0,0.016687193279796533
785,0.31299686552972605,1,0.9929166903416972
786,0.9206710001707542,1,0.9850879377410499
787,0.778882479742936,0,-0.0031898263498769536
788,0.26424783478977487,0,-0.004929817812924351
789,0.37304233149801014,1,1.0131592181226103
790,0.5500128020571569,0,0.0012074821430646402
791,0.9960802530267079,1,1.0106420870059494
792,0.6551338923096643,0,-0.000797433895546758
793,0.25489608223325555,0,0.0016301541539699746
794,0.24033042936968152,0,0.01177042135998006
795,0.15014156375502696,0,-6.642226587921713e-05
796,0.7483420825049321,0,-0.0063448178879686856
797,0.47064541138221117,0,0.007367873957475526
798,0.918588101483258,0,-0.0025370341802147017
799,0.7665054389582859,1,0.988697277050835
800,0.9542185973820201,1,0.9889262051062376
801,0.400600703852656,1,0.9965837895803583
802,0.7245168964701902,0,-0.005860386468314145
803,0.01753563947013259,0,-0.00536960019989377
804,0.009061955870134697,1,1.0011232906159981
805,0.4627306113463794,1,0.9930777041092015
806,0.8740395911647293,1,1.0001910925178594
807,0.05145690841263939,1,0.990060341246798
808,0.17765869312963356,1,1.0046506490226919
809,0.7055824899625972,0,0.016745677628067206
810,0.11986995207078477,1,0.9866594421070076
811,0.6453367527847628,1,0.9855969590203881
812,0.7217993468412494,1,1.0146609294532107
813,0.5903334610115462,1,1.0175299371457722
814,0.2596884603965629,1,0.9918418468058369
815,0.07457607990333559,0,0.004620971774857445
816,0.4991248118086864,1,1.0034668879835507
817,0.6485559880095955,1,0.9927408584022707
818,0.11444888634444528,1,1.0025738640227218
819,0.7038462349421829,0,0.007914995176543151
820,0.30752834483637115,1,1.0114926040075751
821,0.830351894138085,0,-0.01803149892508874
822,0.8988355197886664,1,0.9993815679323248
823,0.04184704644871773,1,0.980628771073987
824,0.45299331678778076,0,-0.003358607629937387
825,0.1836774865099906,1,0.9755398414583221
826,0.3474612872122854,1,0.9926996284266096
827,0.05647040101834888,0,0.002266744596103635
828,0.2080760860006129,1,0.9995185516719509
829,0.9515548664373636,1,0.9940308431000027
830,0.6108561148210839,0,0.00618017825853067
831,0.7114629301006873,0,-0.00869086020246048
832,0.5970781802549092,1,1.0090647519233193
833,0.416302637727334,1,1.0090289883216912
834,0.6488392897506534,0,-0.004672870105723123
835,0.2632103657203454,0,0.0008482630879900089
836,0.033415010058738814,1,0.9986195016303626
837,0.4883479416737634,0,-0.0056940082871046035
838,0.25062399943386393,1,1.023133332631853
839,0.7700265629971123,0,-0.014047094307136711
840,0.4801606643342672,1,0.9951117133496595
841,0.8850748613721436,1,0.9855701966608608
842,0.8021091205431242,1,1.0014837897655404
843,0.5682753855671949,0,-0.006017016840778866
844,0.19847620514432918,0,0.006258896908133046
845,0.19220977568739872,0,-0.018752459356798014
846,0.6572153045497605,0,-0.00267780472721941
847,0.33818784205928065,0,-0.01593678098337842
848,0.7585263476300053,1,1.0223229533041305
849,0.05572278570315059,1,0.9860328453880403
850,0.5338461103403991,0,-0.0051581329823940725
851,0.8234558507670042,0,0.009079698914082297
852,0.21355442926368318,0,-0.008337628933222214
853,0.5039590440488728,1,1.0176847462968364
854,0.13428097839829656,0,0.006735333634203758
855,0.9392433728375971,0,0.003917268703171549
856,0.8955276030388507,1,1.0217123100271788
857,0.8137685786702341,0,0.004469050759061985
858,0.06940550615894725,1,0.9782612222599214
859,0.43840932614940276,0,-0.007147707031281623
860,0.8012550110289588,0,-0.0127289020113925
861,0.8030040858262211,0,0.023013023172825327
862,0.29434976333729024,0,-0.010294183868634994
863,0.5431463493489671,1,0.990855745921023
864,0.23888431076303018,1,0.9965293488227125
865,0.6062816584182136,0,-0.0008687913443680798
866,0.8536330889662146,0,0.014913231096739393
867,0.7040513014142187,1,0.9912102052873369
868,0.3917453890446423,0,-0.003988828625980442
869,0.8746570453463343,1,0.9915183466828098
870,0.6427542891623497,1,0.9994917031207696
871,0.3999309661230269,1,0.9982158058820585
872,0.041831014846081316,0,-0.0015287598829693723
873,0.2563554390363736,1,1.0029443773404052
874,0.23111211869022763,0,-0.013996730747827868
875,0.7368997976351587,0,0.011793546610328765
876,0.6507333837558794,0,0.004293919054746691
877,0.4289719182133479,1,1.0167698258668434
878,0.319001665983766,0,-0.014944730550398463
879,0.8238036310611594,1,0.9844273902086509
880,0.5999357538193354,0,0.02299541142178973
881,0.596791384055165,1,1.0018887486679964
882,0.908091930353475,0,0.004411232020286197
883,0.541705243255779,1,1.0016400501839358
884,0.46805941857372846,0,-0.006686512826316144
885,0.8864296194363048,0,-0.002102952484136803
886,0.4137600732115184,1,1.0102357726001006
887,0.3951877792596413,1,0.9990060251264622
888,0.8686189782346404,1,1.0027488209361055
889,0.20697812349206723,1,1.0023801854331948
890,0.8127123156444075,0,0.0006330233326738235
891,0.8374988176043403,1,0.9965207831303197
892,0.9937836335786846,1,1.0003548771936286
893,0.46491744183266115,1,0.9978017597166244
894,0.1123215718946059,1,0.9903081777240077
895,0.41656366041049553,1,1.016791001455181
896,0.05373770406136147,1,1.01053478355615
897,0.8544827190520204,0,0.004366579973714102
898,0.10540212250591352,0,-0.003749036388045379
899,0.4412445044903246,1,0.9944801948867695
900,0.5954782034645476,0,0.011460514804226982
901,0.9052081633691237,0,-0.005556599473754954
902,0.5878768910577691,0,-0.003620544217521771
903,0.2454360548584935,0,0.002309742233782496
904,0.15997258163140216,1,0.9989801108844727
905,0.7696618364516353,1,0.9927438958685635
906,0.6943144141087466,1,0.9903107936444772
907,0.9329943625732802,0,-0.006109202890913247
908,0.7650549364824616,1,0.9933699521532382
909,0.7298066575658388,0,0.015671949872594015
910,0.6872469399489154,0,-0.005329219704054617
911,0.8987489099887245,1,0.9956088670080574
912,0.4013187470367051,1,0.9878392152907733
913,0.8922734757582729,1,0.9970964034029969
914,0.9557666775014421,1,1.0140651058832393
915,0.16084812956943695,1,1.0023063620902972
916,0.40480186100353,0,0.003554209675691926
917,0.49527899638436723,0,-0.011022130607632859
918,0.029520724997362247,1,1.0009457229008911
919,0.3335035534556685,0,0.00786855944067771
920,0.37365335225039387,0,0.002049528937292528
921,0.9000727969563012,0,-0.0034960114561072048
922,0.20525206856519385,1,0.9888801649154456
923,0.25823364000968796,0,0.004620275959572158
924,0.1896654271989472,0,-0.0013144784838648273
925,0.4146764130210485,1,1.0030599735336234
926,0.2928087559327762,1,0.9816813902881929
927,0.41526775329356136,0,0.004994370997938621
928,0.5690504823710859,0,-0.014304760138821768
929,0.9746844203690349,1,0.9920099558241694
930,0.1313915366643632,0,0.019289724122018116
931,0.9954529711145369,0,0.0071183796140638035
932,0.4530071973243841,1,0.9845251592177224
933,0.5953881091807007,1,1.009022120783492
934,0.8724808933873628,1,0.9987841079977472
935,0.10361885624564893,1,1.0257360141872458
936,0.38127045018420547,1,1.0003526018095865
937,0.700944267922253,0,-0.006338871427363661
938,0.13004243686215133,0,0.0044959484385477255
939,0.17872606391435342,0,0.0013219220352077318
940,0.6055285337027669,1,0.9912500092170393
941,0.2561820471165144,0,-0.0010611952290220767
942,0.03835477261052733,0,0.006487349197951433
943,0.5152755734593174,1,1.01042706178601
944,0.9702900197836768,1,1.012779300043455
945,0.06737684998762727,0,-0.018978489492874392
946,0.8714088486122015,1,0.9907201120522454
947,0.8752900420755585,0,0.016248512253267795
948,0.27965291039666096,0,-0.002060789254718959
949,0.7054131989556449,0,0.00010290709372340433
950,0.6213956862664033,0,-0.016808334867295712
951,0.37631523960316726,0,0.013224896529626719
952,0.6068099972709323,0,0.014004473168202379
953,0.40652404083130167,1,0.9938918264283759
954,0.08980866733286197,1,1.0127895753973954
955,0.0464588247347526,1,0.9816505218562364
956,0.4546869530303107,1,0.9968717302300364
957,0.7706650287399212,1,1.006576380326228
958,0.643143994317082,0,-0.007403804753598151
959,0.48570356335422316,1,0.9918086701951461
960,0.18398806230745324,0,0.0030383081967564145
961,0.6536843851932687,0,-0.007796874569944164
962,0.3817829156478352,0,0.015991352720007748
963,0.3937947913908909,0,-0.01021062209962179
964,0.8865161821065625,0,-0.0008835481837632905
965,0.43928322384913276,0,-0.003744665930498857
966,0.014656283740212217,0,-0.0008781358888345055
967,0.5984876342859832,0,-0.01125266793414551
968,0.6704113659186451,1,1.015943372575344
969,0.8098891766662928,1,1.017187985672466
970,0.3339741422612472,1,1.0049279326727598
971,0.30156470045213835,0,0.006590308956462
972,0.11577445036112144,0,0.00027513644626552924
973,0.10837776332114413,1,0.9832480716134469
974,0.1556887885466811,0,0.016551049956860703
975,0.950743262920366,1,0.9813346597604677
976,0.2091775291257303,1,1.0033685385656372
977,0.3236734107239797,1,1.0095814985831806
978,0.4569202121961129,0,0.002023250625145156
979,0.25168730758108326,1,1.0112227371851197
980,0.4820729859215368,0,-0.015621499603075097
981,0.1683156173084367,0,-0.010801735722060484
982,0.015738852396630754,1,0.9887560647186802
983,0.10046868653399021,0,0.0005649773688018748
984,0.09795490260184203,1,0.9946012739117829
985,0.9730468132184542,0,-0.007856578737322305
986,0.9415119509848169,1,0.9969491404057758
987,0.9861013199280206,1,1.0244892496504647
988,0.7584199922372435,0,0.0020039806437950024
989,0.04086484912739874,1,1.0121486303300649
990,0.9984777961333756,0,-0.003375374821433672
991,0.5543989227804229,0,-0.004922721372002988
992,0.7267248742197374,0,0.006453793230377903
993,0.39414947461969596,1,1.0015035197635627
994,0.456366114837672,1,1.0019265793566892
995,0.1723826475450314,0,-0.015489037979920605
996,0.07075717625386924,1,1.0003171987281148
997,0.1485087036471131,1,1.015936432426185
998,0.017279804203989446,1,1.0006690297548666
999,0.3066352243047674,0,0.008232337837214668
